,Instrumentation
704,"vn,va,bs"
709,"vn,va,bs"
710,"vn,va,bs"
711,"ob,hn,vn,va,bs"
713,"hn,vn,va,bs"
715,"vn,va,bs"
716,"vn,va,bs"
717,"fl,vn,va,bs"
718,"vn,va,bs"
719,"fl,ob,vn,va,bs"
721,"fl,vn,va,bs"
722,"vn,va,bs"
724,"vn,va,bs"
725,"cl,vn,va,bs"
726,"fl,hn,vn,va,bs"
729,"fl,vn,va,bs"
735,"ob,bn,hn,vn,va,bs"
809,"vn,va,bs"
810,"vn,va,bs"
814,"vn,va,bs"
815,"vn,va,bs"
816,"vn,va,bs"
817,"vn,va,bs"
820,"vn,va,bs"
821,"vn,va,bs"
822,"vn,va,bs"
823,"vn,va,bs"
824,"vn,va,bs"
825,"vn,va,bs"
826,"ob,vn,va,bs"
827,"vn,va,bs"
828,"ob,tpt,vn,va,bs"
830,"bn,hn,vn,va,bs"
831,"ob,hn,vn,va,bs"
832,"ob,hn,vn,va,bs"
834,"vn,va,bs"
835,"ob,hn,vn,va,bs"
918,"ob,vn,va,bs"
925,"ob,vn,va,bs"
927,"vn,va,bs"
929,"vn,va,bs"
931,"vn,va,bs"
932,"fl,ob,vn,va,bs"
933,"ob,hn,vn,va,bs"
934,"ob,hn,vn,va,bs"
935,"ob,hn,vn,va,bs"
936,"ob,hn,vn,va,bs"
937,"ob,hn,vn,va,bs"
938,"ob,hn,vn,va,bs"
939,"ob,hn,vn,va,bs"
941,"ob,bn,hn,tpt,vn,va,bs"
943,"ob,hn,vn,va,bs"
945,"ob,hn,vn,va,bs"
946,"ob,hn,vn,va,bs"
947,"ob,cl,hn,vn,va,bs"
948,"ob,hn,vn,va,bs"
950,"ob,hn,vn,va,bs"
956,"ob,hn,vn,va,bs"
958,"ob,tpt,vn,va,bs"
1037,"vn,va,bs"
1039,"vn,va,bs"
1042,"vn,va,bs"
1043,"vn,va,bs"
1046,"vn,va,bs"
1048,"vn,va,bs"
1049,"ob,hn,vn,va,bs"
1050,"vn,va,bs"
1051,"vn,va,bs"
1052,"vn,va,bs"
1053,"fl,ob,vn,va,bs"
1054,"vn,va,bs"
1055,"vn,va,bs"
1056,"vn,va,bs"
1057,"ob,bn,vn,va,bs"
1058,"ob,hn,vn,va,bs"
1059,"fl,ob,bn,vn,va,bs"
1060,"hn,vn,va,bs"
1061,"ob,hn,vn,va,bs"
1062,"hn,vn,va,bs"
1063,"ob,hn,tpt,vn,va,bs"
1064,"ob,hn,vn,va,bs"
1065,"ob,hn,vn,va,bs"
1067,"ob,hn,vn,va,bs"
1069,"ob,hn,vn,va,bs"
1071,"ob,cl,hn,vn,va,bs"
1074,"ob,hn,vn,va,bs"
1075,"fl,ob,cl,bn,hn,vn,va,bs"
1079,"ob,hn,vn,va,bs"
1080,"ob,hn,vn,va,bs"
1089,"vn,va,bs"
1095,"fl,hn,vn,va,bs"
1096,"vn,va,bs"
1097,"fl,vn,va,bs"
1099,"vn,va,bs"
1100,"fl,ob,vn,va,bs"
1101,"vn,va,bs"
1103,"ob,hn,vn,va,bs"
1104,"vn,va,bs"
1105,"fl,hn,vn,va,bs"
1107,"fl,hn,vn,va,bs"
1108,"ob,cl,bn,vn,va,bs"
1110,"fl,ob,hn,vn,va,bs"
1111,"ob,vn,va,bs"
1112,"ob,vn,va,bs"
1113,"fl,eh,cl,bn,hn,vn,va,bs,tbn"
1114,"fl,hn,vn,va,bs"
1115,"ob,hn,vn,va,bs"
1195,"vn,va,bs"
1197,"vn,va,bs"
1200,"fl,ob,bn,vn,va,bs"
1201,"ob,hn,vn,va,bs"
1204,"ob,hn,vn,va,bs"
1206,"vn,va,bs"
1207,"ob,hn,vn,va,bs"
1208,"ob,hn,vn,va,bs"
1209,"vn,va,bs"
1210,"ob,hn,vn,va,bs"
1211,"vn,va,bs"
1213,"ob,vn,va,bs"
1215,"cl,bn,hn,vn,va,bs"
1219,"ob,hn,vn,va,bs"
